Workbook

Sheet Raw Data
A1: PO_ID | B1: Supplier | C1: Order_Date | D1: Delivery_Date | E1: Item_Category | F1: Order_Status | G1: Quantity | H1: Unit_Price | I1: Negotiated_Price | J1: Defective_Units | K1: Compliance | L1: Lead_Time_Days | M1: Total_Spend | N1: Defect_Rate_Pct | O1: Savings_Pct | P1: Is_Delivered | Q1: Is_Cancelled | R1: Is_Compliant
A2: PO-00001 | B2: Alpha_Inc | C2: 2023-10-17 | D2: 2023-10-25 | E2: Office Supplies | F2: Cancelled | G2: 1176 | H2: 20.13 | I2: 17.81 | K2: Yes | L2: =IF(D2="","",IF(D2-C2<0,"",D2-C2)) -> 8 | M2: =G2*I2 -> 20944.56 | N2: =IF(J2="","",J2/G2*100) | O2: =(H2-I2)/H2*100 -> 11.525087 | P2: =IF(OR(F2="Delivered",F2="Partially Delivered"),1,0) -> 0 | Q2: =IF(F2="Cancelled",1,0) -> 1 | R2: =IF(K2="Yes",1,0) -> 1
A3: PO-00002 | B3: Delta_Logistics | C3: 2022-04-25 | D3: 2022-05-05 | E3: Office Supplies | F3: Delivered | G3: 1509 | H3: 39.32 | I3: 37.34 | J3: 235 | K3: Yes | L3: =IF(D3="","",IF(D3-C3<0,"",D3-C3)) -> 10 | M3: =G3*I3 -> 56346.06 | N3: =IF(J3="","",J3/G3*100) -> 15.573227 | O3: =(H3-I3)/H3*100 -> 5.0356053 | P3: =IF(OR(F3="Delivered",F3="Partially Delivered"),1,0) -> 1 | Q3: =IF(F3="Cancelled",1,0) -> 0 | R3: =IF(K3="Yes",1,0) -> 1
A4: PO-00003 | B4: Gamma_Co | C4: 2022-01-26 | D4: 2022-02-15 | E4: MRO | F4: Delivered | G4: 910 | H4: 95.51 | I4: 92.26 | J4: 41 | K4: Yes | L4: =IF(D4="","",IF(D4-C4<0,"",D4-C4)) -> 20 | M4: =G4*I4 -> 83956.6 | N4: =IF(J4="","",J4/G4*100) -> 4.5054945 | O4: =(H4-I4)/H4*100 -> 3.402785 | P4: =IF(OR(F4="Delivered",F4="Partially Delivered"),1,0) -> 1 | Q4: =IF(F4="Cancelled",1,0) -> 0 | R4: =IF(K4="Yes",1,0) -> 1
A5: PO-00004 | B5: Beta_Supplies | C5: 2022-10-09 | D5: 2022-10-28 | E5: Packaging | F5: Delivered | G5: 1344 | H5: 99.85 | I5: 95.52 | J5: 112 | K5: Yes | L5: =IF(D5="","",IF(D5-C5<0,"",D5-C5)) -> 19 | M5: =G5*I5 -> 128378.88 | N5: =IF(J5="","",J5/G5*100) -> 8.3333333 | O5: =(H5-I5)/H5*100 -> 4.3365048 | P5: =IF(OR(F5="Delivered",F5="Partially Delivered"),1,0) -> 1 | Q5: =IF(F5="Cancelled",1,0) -> 0 | R5: =IF(K5="Yes",1,0) -> 1
A6: PO-00005 | B6: Delta_Logistics | C6: 2022-09-08 | D6: 2022-09-20 | E6: Raw Materials | F6: Delivered | G6: 1180 | H6: 64.07 | I6: 60.53 | J6: 171 | K6: No | L6: =IF(D6="","",IF(D6-C6<0,"",D6-C6)) -> 12 | M6: =G6*I6 -> 71425.4 | N6: =IF(J6="","",J6/G6*100) -> 14.491525 | O6: =(H6-I6)/H6*100 -> 5.5252068 | P6: =IF(OR(F6="Delivered",F6="Partially Delivered"),1,0) -> 1 | Q6: =IF(F6="Cancelled",1,0) -> 0 | R6: =IF(K6="Yes",1,0) -> 0
A7: PO-00006 | B7: Epsilon_Group | C7: 2022-08-17 | D7: 2022-08-29 | E7: MRO | F7: Delivered | G7: 1145 | H7: 69.21 | I7: 63.57 | J7: 39 | K7: Yes | L7: =IF(D7="","",IF(D7-C7<0,"",D7-C7)) -> 12 | M7: =G7*I7 -> 72787.65 | N7: =IF(J7="","",J7/G7*100) -> 3.4061135 | O7: =(H7-I7)/H7*100 -> 8.1491114 | P7: =IF(OR(F7="Delivered",F7="Partially Delivered"),1,0) -> 1 | Q7: =IF(F7="Cancelled",1,0) -> 0 | R7: =IF(K7="Yes",1,0) -> 1
A8: PO-00007 | B8: Gamma_Co | C8: 2022-05-23 | D8: 2022-06-03 | E8: MRO | F8: Delivered | G8: 1774 | H8: 51.37 | I8: 47.82 | J8: 96 | K8: No | L8: =IF(D8="","",IF(D8-C8<0,"",D8-C8)) -> 11 | M8: =G8*I8 -> 84832.68 | N8: =IF(J8="","",J8/G8*100) -> 5.4114994 | O8: =(H8-I8)/H8*100 -> 6.9106482 | P8: =IF(OR(F8="Delivered",F8="Partially Delivered"),1,0) -> 1 | Q8: =IF(F8="Cancelled",1,0) -> 0 | R8: =IF(K8="Yes",1,0) -> 0
A9: PO-00008 | B9: Alpha_Inc | C9: 2022-04-15 | D9: 2022-04-29 | E9: MRO | F9: Delivered | G9: 1094 | H9: 36.93 | I9: 32.78 | J9: 22 | K9: Yes | L9: =IF(D9="","",IF(D9-C9<0,"",D9-C9)) -> 14 | M9: =G9*I9 -> 35861.32 | N9: =IF(J9="","",J9/G9*100) -> 2.0109689 | O9: =(H9-I9)/H9*100 -> 11.237476 | P9: =IF(OR(F9="Delivered",F9="Partially Delivered"),1,0) -> 1 | Q9: =IF(F9="Cancelled",1,0) -> 0 | R9: =IF(K9="Yes",1,0) -> 1
A10: PO-00009 | B10: Gamma_Co | C10: 2023-11-24 | D10: 2023-11-28 | E10: Raw Materials | F10: Partially Delivered | G10: 1688 | H10: 43.93 | I10: 39.89 | J10: 89 | K10: Yes | L10: =IF(D10="","",IF(D10-C10<0,"",D10-C10)) -> 4 | M10: =G10*I10 -> 67334.32 | N10: =IF(J10="","",J10/G10*100) -> 5.2725118 | O10: =(H10-I10)/H10*100 -> 9.1964489 | P10: =IF(OR(F10="Delivered",F10="Partially Delivered"),1,0) -> 1 | Q10: =IF(F10="Cancelled",1,0) -> 0 | R10: =IF(K10="Yes",1,0) -> 1
A11: PO-00010 | B11: Gamma_Co | C11: 2023-07-13 | D11: 2023-07-25 | E11: Raw Materials | F11: Pending | G11: 171 | H11: 76.87 | I11: 70.2 | J11: 8 | K11: Yes | L11: =IF(D11="","",IF(D11-C11<0,"",D11-C11)) -> 12 | M11: =G11*I11 -> 12004.2 | N11: =IF(J11="","",J11/G11*100) -> 4.6783626 | O11: =(H11-I11)/H11*100 -> 8.6769871 | P11: =IF(OR(F11="Delivered",F11="Partially Delivered"),1,0) -> 0 | Q11: =IF(F11="Cancelled",1,0) -> 0 | R11: =IF(K11="Yes",1,0) -> 1
A12: PO-00011 | B12: Epsilon_Group | C12: 2022-03-31 | D12: 2022-04-15 | E12: Raw Materials | F12: Delivered | G12: 5000 | H12: 78.49 | I12: 73.68 | J12: 18 | K12: Yes | L12: =IF(D12="","",IF(D12-C12<0,"",D12-C12)) -> 15 | M12: =G12*I12 -> 368400 | N12: =IF(J12="","",J12/G12*100) -> 0.36 | O12: =(H12-I12)/H12*100 -> 6.1281692 | P12: =IF(OR(F12="Delivered",F12="Partially Delivered"),1,0) -> 1 | Q12: =IF(F12="Cancelled",1,0) -> 0 | R12: =IF(K12="Yes",1,0) -> 1
A13: PO-00012 | B13: Beta_Supplies | C13: 2023-08-28 | D13: 2023-09-11 | E13: Raw Materials | F13: Delivered | G13: 5000 | H13: 88.96 | I13: 86.58 | J13: 115 | K13: Yes | L13: =IF(D13="","",IF(D13-C13<0,"",D13-C13)) -> 14 | M13: =G13*I13 -> 432900 | N13: =IF(J13="","",J13/G13*100) -> 2.3 | O13: =(H13-I13)/H13*100 -> 2.6753597 | P13: =IF(OR(F13="Delivered",F13="Partially Delivered"),1,0) -> 1 | Q13: =IF(F13="Cancelled",1,0) -> 0 | R13: =IF(K13="Yes",1,0) -> 1
A14: PO-00013 | B14: Beta_Supplies | C14: 2023-03-09 | D14: 2023-03-26 | E14: Electronics | F14: Pending | G14: 5000 | H14: 86.74 | I14: 74.86 | J14: 51 | K14: Yes | L14: =IF(D14="","",IF(D14-C14<0,"",D14-C14)) -> 17 | M14: =G14*I14 -> 374300 | N14: =IF(J14="","",J14/G14*100) -> 1.02 | O14: =(H14-I14)/H14*100 -> 13.696103 | P14: =IF(OR(F14="Delivered",F14="Partially Delivered"),1,0) -> 0 | Q14: =IF(F14="Cancelled",1,0) -> 0 | R14: =IF(K14="Yes",1,0) -> 1
A15: PO-00014 | B15: Beta_Supplies | C15: 2022-02-02 | E15: MRO | F15: Delivered | G15: 5000 | H15: 18.3 | I15: 16.88 | K15: Yes | L15: =IF(D15="","",IF(D15-C15<0,"",D15-C15)) | M15: =G15*I15 -> 84400 | N15: =IF(J15="","",J15/G15*100) | O15: =(H15-I15)/H15*100 -> 7.7595628 | P15: =IF(OR(F15="Delivered",F15="Partially Delivered"),1,0) -> 1 | Q15: =IF(F15="Cancelled",1,0) -> 0 | R15: =IF(K15="Yes",1,0) -> 1
A16: PO-00015 | B16: Delta_Logistics | C16: 2022-01-31 | D16: 2022-02-18 | E16: Electronics | F16: Pending | G16: 5000 | H16: 54.5 | I16: 48.45 | J16: 22 | K16: Yes | L16: =IF(D16="","",IF(D16-C16<0,"",D16-C16)) -> 18 | M16: =G16*I16 -> 242250 | N16: =IF(J16="","",J16/G16*100) -> 0.44 | O16: =(H16-I16)/H16*100 -> 11.100917 | P16: =IF(OR(F16="Delivered",F16="Partially Delivered"),1,0) -> 0 | Q16: =IF(F16="Cancelled",1,0) -> 0 | R16: =IF(K16="Yes",1,0) -> 1
A17: PO-00016 | B17: Beta_Supplies | C17: 2022-04-06 | D17: 2022-04-21 | E17: Packaging | F17: Delivered | G17: 5000 | H17: 15.41 | I17: 15.12 | K17: Yes | L17: =IF(D17="","",IF(D17-C17<0,"",D17-C17)) -> 15 | M17: =G17*I17 -> 75600 | N17: =IF(J17="","",J17/G17*100) | O17: =(H17-I17)/H17*100 -> 1.8818949 | P17: =IF(OR(F17="Delivered",F17="Partially Delivered"),1,0) -> 1 | Q17: =IF(F17="Cancelled",1,0) -> 0 | R17: =IF(K17="Yes",1,0) -> 1
A18: PO-00017 | B18: Delta_Logistics | C18: 2022-08-12 | D18: 2022-08-31 | E18: MRO | F18: Delivered | G18: 1173 | H18: 61.54 | I18: 55.49 | J18: 172 | K18: No | L18: =IF(D18="","",IF(D18-C18<0,"",D18-C18)) -> 19 | M18: =G18*I18 -> 65089.77 | N18: =IF(J18="","",J18/G18*100) -> 14.663257 | O18: =(H18-I18)/H18*100 -> 9.8310042 | P18: =IF(OR(F18="Delivered",F18="Partially Delivered"),1,0) -> 1 | Q18: =IF(F18="Cancelled",1,0) -> 0 | R18: =IF(K18="Yes",1,0) -> 0
A19: PO-00018 | B19: Epsilon_Group | C19: 2022-08-27 | D19: 2022-09-04 | E19: Raw Materials | F19: Delivered | G19: 921 | H19: 51.48 | I19: 50.61 | K19: Yes | L19: =IF(D19="","",IF(D19-C19<0,"",D19-C19)) -> 8 | M19: =G19*I19 -> 46611.81 | N19: =IF(J19="","",J19/G19*100) | O19: =(H19-I19)/H19*100 -> 1.6899767 | P19: =IF(OR(F19="Delivered",F19="Partially Delivered"),1,0) -> 1 | Q19: =IF(F19="Cancelled",1,0) -> 0 | R19: =IF(K19="Yes",1,0) -> 1
A20: PO-00019 | B20: Gamma_Co | C20: 2023-06-02 | D20: 2023-06-05 | E20: Raw Materials | F20: Partially Delivered | G20: 1737 | H20: 97.53 | I20: 87.37 | J20: 79 | K20: Yes | L20: =IF(D20="","",IF(D20-C20<0,"",D20-C20)) -> 3 | M20: =G20*I20 -> 151761.69 | N20: =IF(J20="","",J20/G20*100) -> 4.5480714 | O20: =(H20-I20)/H20*100 -> 10.417307 | P20: =IF(OR(F20="Delivered",F20="Partially Delivered"),1,0) -> 1 | Q20: =IF(F20="Cancelled",1,0) -> 0 | R20: =IF(K20="Yes",1,0) -> 1
A21: PO-00020 | B21: Delta_Logistics | C21: 2023-09-09 | D21: 2023-09-24 | E21: Raw Materials | F21: Delivered | G21: 180 | H21: 45.74 | I21: 38.89 | K21: No | L21: =IF(D21="","",IF(D21-C21<0,"",D21-C21)) -> 15 | M21: =G21*I21 -> 7000.2 | N21: =IF(J21="","",J21/G21*100) | O21: =(H21-I21)/H21*100 -> 14.975951 | P21: =IF(OR(F21="Delivered",F21="Partially Delivered"),1,0) -> 1 | Q21: =IF(F21="Cancelled",1,0) -> 0 | R21: =IF(K21="Yes",1,0) -> 0
A22: PO-00021 | B22: Epsilon_Group | C22: 2022-01-28 | D22: 2022-02-12 | E22: Electronics | F22: Cancelled | G22: 1735 | H22: 20.54 | I22: 19.69 | J22: 49 | K22: Yes | L22: =IF(D22="","",IF(D22-C22<0,"",D22-C22)) -> 15 | M22: =G22*I22 -> 34162.15 | N22: =IF(J22="","",J22/G22*100) -> 2.8242075 | O22: =(H22-I22)/H22*100 -> 4.1382668 | P22: =IF(OR(F22="Delivered",F22="Partially Delivered"),1,0) -> 0 | Q22: =IF(F22="Cancelled",1,0) -> 1 | R22: =IF(K22="Yes",1,0) -> 1
A23: PO-00022 | B23: Delta_Logistics | C23: 2023-07-29 | D23: 2023-08-11 | E23: Raw Materials | F23: Delivered | G23: 1382 | H23: 24.93 | I23: 23.75 | K23: Yes | L23: =IF(D23="","",IF(D23-C23<0,"",D23-C23)) -> 13 | M23: =G23*I23 -> 32822.5 | N23: =IF(J23="","",J23/G23*100) | O23: =(H23-I23)/H23*100 -> 4.7332531 | P23: =IF(OR(F23="Delivered",F23="Partially Delivered"),1,0) -> 1 | Q23: =IF(F23="Cancelled",1,0) -> 0 | R23: =IF(K23="Yes",1,0) -> 1
A24: PO-00023 | B24: Epsilon_Group | C24: 2022-07-23 | D24: 2022-08-08 | E24: MRO | F24: Delivered | G24: 819 | H24: 80.89 | I24: 77.03 | J24: 29 | K24: Yes | L24: =IF(D24="","",IF(D24-C24<0,"",D24-C24)) -> 16 | M24: =G24*I24 -> 63087.57 | N24: =IF(J24="","",J24/G24*100) -> 3.5409035 | O24: =(H24-I24)/H24*100 -> 4.7719125 | P24: =IF(OR(F24="Delivered",F24="Partially Delivered"),1,0) -> 1 | Q24: =IF(F24="Cancelled",1,0) -> 0 | R24: =IF(K24="Yes",1,0) -> 1
A25: PO-00024 | B25: Beta_Supplies | C25: 2023-10-28 | D25: 2023-11-03 | E25: Office Supplies | F25: Partially Delivered | G25: 393 | H25: 72.53 | I25: 66.31 | J25: 42 | K25: No | L25: =IF(D25="","",IF(D25-C25<0,"",D25-C25)) -> 6 | M25: =G25*I25 -> 26059.83 | N25: =IF(J25="","",J25/G25*100) -> 10.687023 | O25: =(H25-I25)/H25*100 -> 8.5757618 | P25: =IF(OR(F25="Delivered",F25="Partially Delivered"),1,0) -> 1 | Q25: =IF(F25="Cancelled",1,0) -> 0 | R25: =IF(K25="Yes",1,0) -> 0
A26: PO-00025 | B26: Beta_Supplies | C26: 2023-12-20 | D26: 2024-01-01 | E26: MRO | F26: Delivered | G26: 1565 | H26: 21.3 | I26: 20.09 | J26: 161 | K26: Yes | L26: =IF(D26="","",IF(D26-C26<0,"",D26-C26)) -> 12 | M26: =G26*I26 -> 31440.85 | N26: =IF(J26="","",J26/G26*100) -> 10.28754 | O26: =(H26-I26)/H26*100 -> 5.6807512 | P26: =IF(OR(F26="Delivered",F26="Partially Delivered"),1,0) -> 1 | Q26: =IF(F26="Cancelled",1,0) -> 0 | R26: =IF(K26="Yes",1,0) -> 1
A27: PO-00026 | B27: Epsilon_Group | C27: 2023-07-13 | D27: 2023-07-24 | E27: Packaging | F27: Delivered | G27: 1487 | H27: 19.15 | I27: 17.24 | K27: Yes | L27: =IF(D27="","",IF(D27-C27<0,"",D27-C27)) -> 11 | M27: =G27*I27 -> 25635.88 | N27: =IF(J27="","",J27/G27*100) | O27: =(H27-I27)/H27*100 -> 9.9738903 | P27: =IF(OR(F27="Delivered",F27="Partially Delivered"),1,0) -> 1 | Q27: =IF(F27="Cancelled",1,0) -> 0 | R27: =IF(K27="Yes",1,0) -> 1
A28: PO-00027 | B28: Alpha_Inc | C28: 2023-03-06 | D28: 2023-03-26 | E28: MRO | F28: Delivered | G28: 855 | H28: 78.2 | I28: 67.16 | J28: 17 | K28: Yes | L28: =IF(D28="","",IF(D28-C28<0,"",D28-C28)) -> 20 | M28: =G28*I28 -> 57421.8 | N28: =IF(J28="","",J28/G28*100) -> 1.9883041 | O28: =(H28-I28)/H28*100 -> 14.117647 | P28: =IF(OR(F28="Delivered",F28="Partially Delivered"),1,0) -> 1 | Q28: =IF(F28="Cancelled",1,0) -> 0 | R28: =IF(K28="Yes",1,0) -> 1
A29: PO-00028 | B29: Epsilon_Group | C29: 2022-08-14 | D29: 2022-08-23 | E29: Raw Materials | F29: Delivered | G29: 435 | H29: 17.13 | I29: 15.84 | J29: 8 | K29: Yes | L29: =IF(D29="","",IF(D29-C29<0,"",D29-C29)) -> 9 | M29: =G29*I29 -> 6890.4 | N29: =IF(J29="","",J29/G29*100) -> 1.8390805 | O29: =(H29-I29)/H29*100 -> 7.530648 | P29: =IF(OR(F29="Delivered",F29="Partially Delivered"),1,0) -> 1 | Q29: =IF(F29="Cancelled",1,0) -> 0 | R29: =IF(K29="Yes",1,0) -> 1
A30: PO-00029 | B30: Delta_Logistics | C30: 2023-04-05 | D30: 2023-04-22 | E30: MRO | F30: Delivered | G30: 1265 | H30: 90.26 | I30: 79.47 | J30: 187 | K30: Yes | L30: =IF(D30="","",IF(D30-C30<0,"",D30-C30)) -> 17 | M30: =G30*I30 -> 100529.55 | N30: =IF(J30="","",J30/G30*100) -> 14.782609 | O30: =(H30-I30)/H30*100 -> 11.954354 | P30: =IF(OR(F30="Delivered",F30="Partially Delivered"),1,0) -> 1 | Q30: =IF(F30="Cancelled",1,0) -> 0 | R30: =IF(K30="Yes",1,0) -> 1
A31: PO-00030 | B31: Epsilon_Group | C31: 2023-08-27 | E31: MRO | F31: Delivered | G31: 1005 | H31: 80.55 | I31: 73.31 | J31: 30 | K31: Yes | L31: =IF(D31="","",IF(D31-C31<0,"",D31-C31)) | M31: =G31*I31 -> 73676.55 | N31: =IF(J31="","",J31/G31*100) -> 2.9850746 | O31: =(H31-I31)/H31*100 -> 8.9882061 | P31: =IF(OR(F31="Delivered",F31="Partially Delivered"),1,0) -> 1 | Q31: =IF(F31="Cancelled",1,0) -> 0 | R31: =IF(K31="Yes",1,0) -> 1
A32: PO-00031 | B32: Gamma_Co | C32: 2022-10-12 | D32: 2022-10-26 | E32: Electronics | F32: Delivered | G32: 326 | H32: 18.1 | I32: 15.92 | K32: No | L32: =IF(D32="","",IF(D32-C32<0,"",D32-C32)) -> 14 | M32: =G32*I32 -> 5189.92 | N32: =IF(J32="","",J32/G32*100) | O32: =(H32-I32)/H32*100 -> 12.044199 | P32: =IF(OR(F32="Delivered",F32="Partially Delivered"),1,0) -> 1 | Q32: =IF(F32="Cancelled",1,0) -> 0 | R32: =IF(K32="Yes",1,0) -> 0
A33: PO-00032 | B33: Alpha_Inc | C33: 2022-01-07 | D33: 2022-01-15 | E33: Office Supplies | F33: Delivered | G33: 1234 | H33: 17.64 | I33: 15.66 | J33: 26 | K33: Yes | L33: =IF(D33="","",IF(D33-C33<0,"",D33-C33)) -> 8 | M33: =G33*I33 -> 19324.44 | N33: =IF(J33="","",J33/G33*100) -> 2.1069692 | O33: =(H33-I33)/H33*100 -> 11.22449 | P33: =IF(OR(F33="Delivered",F33="Partially Delivered"),1,0) -> 1 | Q33: =IF(F33="Cancelled",1,0) -> 0 | R33: =IF(K33="Yes",1,0) -> 1
A34: PO-00033 | B34: Epsilon_Group | C34: 2022-06-13 | D34: 2022-06-29 | E34: MRO | F34: Delivered | G34: 509 | H34: 101.27 | I34: 97.82 | J34: 19 | K34: Yes | L34: =IF(D34="","",IF(D34-C34<0,"",D34-C34)) -> 16 | M34: =G34*I34 -> 49790.38 | N34: =IF(J34="","",J34/G34*100) -> 3.7328094 | O34: =(H34-I34)/H34*100 -> 3.4067345 | P34: =IF(OR(F34="Delivered",F34="Partially Delivered"),1,0) -> 1 | Q34: =IF(F34="Cancelled",1,0) -> 0 | R34: =IF(K34="Yes",1,0) -> 1
A35: PO-00034 | B35: Alpha_Inc | C35: 2023-12-16 | D35: 2023-12-17 | E35: Packaging | F35: Delivered | G35: 1387 | H35: 48.71 | I35: 43.71 | J35: 27 | K35: Yes | L35: =IF(D35="","",IF(D35-C35<0,"",D35-C35)) -> 1 | M35: =G35*I35 -> 60625.77 | N35: =IF(J35="","",J35/G35*100) -> 1.9466474 | O35: =(H35-I35)/H35*100 -> 10.264833 | P35: =IF(OR(F35="Delivered",F35="Partially Delivered"),1,0) -> 1 | Q35: =IF(F35="Cancelled",1,0) -> 0 | R35: =IF(K35="Yes",1,0) -> 1
A36: PO-00035 | B36: Alpha_Inc | C36: 2023-03-09 | D36: 2023-03-17 | E36: MRO | F36: Delivered | G36: 71 | H36: 46.39 | I36: 43.18 | J36: 0 | K36: Yes | L36: =IF(D36="","",IF(D36-C36<0,"",D36-C36)) -> 8 | M36: =G36*I36 -> 3065.78 | N36: =IF(J36="","",J36/G36*100) -> 0 | O36: =(H36-I36)/H36*100 -> 6.9195947 | P36: =IF(OR(F36="Delivered",F36="Partially Delivered"),1,0) -> 1 | Q36: =IF(F36="Cancelled",1,0) -> 0 | R36: =IF(K36="Yes",1,0) -> 1
A37: PO-00036 | B37: Epsilon_Group | C37: 2022-12-15 | D37: 2022-12-23 | E37: Office Supplies | F37: Delivered | G37: 302 | H37: 87.73 | I37: 81.52 | J37: 9 | K37: Yes | L37: =IF(D37="","",IF(D37-C37<0,"",D37-C37)) -> 8 | M37: =G37*I37 -> 24619.04 | N37: =IF(J37="","",J37/G37*100) -> 2.9801325 | O37: =(H37-I37)/H37*100 -> 7.0785364 | P37: =IF(OR(F37="Delivered",F37="Partially Delivered"),1,0) -> 1 | Q37: =IF(F37="Cancelled",1,0) -> 0 | R37: =IF(K37="Yes",1,0) -> 1
A38: PO-00037 | B38: Epsilon_Group | C38: 2022-10-12 | D38: 2022-10-31 | E38: Office Supplies | F38: Pending | G38: 797 | H38: 99.54 | I38: 91.37 | J38: 18 | K38: Yes | L38: =IF(D38="","",IF(D38-C38<0,"",D38-C38)) -> 19 | M38: =G38*I38 -> 72821.89 | N38: =IF(J38="","",J38/G38*100) -> 2.2584693 | O38: =(H38-I38)/H38*100 -> 8.2077557 | P38: =IF(OR(F38="Delivered",F38="Partially Delivered"),1,0) -> 0 | Q38: =IF(F38="Cancelled",1,0) -> 0 | R38: =IF(K38="Yes",1,0) -> 1
A39: PO-00038 | B39: Beta_Supplies | C39: 2022-06-09 | D39: 2022-06-27 | E39: Office Supplies | F39: Pending | G39: 906 | H39: 101.21 | I39: 90.9 | J39: 94 | K39: Yes | L39: =IF(D39="","",IF(D39-C39<0,"",D39-C39)) -> 18 | M39: =G39*I39 -> 82355.4 | N39: =IF(J39="","",J39/G39*100) -> 10.375276 | O39: =(H39-I39)/H39*100 -> 10.18674 | P39: =IF(OR(F39="Delivered",F39="Partially Delivered"),1,0) -> 0 | Q39: =IF(F39="Cancelled",1,0) -> 0 | R39: =IF(K39="Yes",1,0) -> 1
A40: PO-00039 | B40: Epsilon_Group | C40: 2022-08-09 | D40: 2022-08-23 | E40: Office Supplies | F40: Delivered | G40: 1634 | H40: 80.53 | I40: 76.15 | J40: 50 | K40: Yes | L40: =IF(D40="","",IF(D40-C40<0,"",D40-C40)) -> 14 | M40: =G40*I40 -> 124429.1 | N40: =IF(J40="","",J40/G40*100) -> 3.0599755 | O40: =(H40-I40)/H40*100 -> 5.4389668 | P40: =IF(OR(F40="Delivered",F40="Partially Delivered"),1,0) -> 1 | Q40: =IF(F40="Cancelled",1,0) -> 0 | R40: =IF(K40="Yes",1,0) -> 1
A41: PO-00040 | B41: Epsilon_Group | C41: 2022-12-11 | E41: Office Supplies | F41: Delivered | G41: 524 | H41: 46.28 | I41: 39.65 | J41: 14 | K41: Yes | L41: =IF(D41="","",IF(D41-C41<0,"",D41-C41)) | M41: =G41*I41 -> 20776.6 | N41: =IF(J41="","",J41/G41*100) -> 2.6717557 | O41: =(H41-I41)/H41*100 -> 14.325843 | P41: =IF(OR(F41="Delivered",F41="Partially Delivered"),1,0) -> 1 | Q41: =IF(F41="Cancelled",1,0) -> 0 | R41: =IF(K41="Yes",1,0) -> 1
A42: PO-00041 | B42: Beta_Supplies | C42: 2022-04-15 | D42: 2022-04-27 | E42: Electronics | F42: Delivered | G42: 1132 | H42: 17.78 | I42: 15.36 | J42: 96 | K42: Yes | L42: =IF(D42="","",IF(D42-C42<0,"",D42-C42)) -> 12 | M42: =G42*I42 -> 17387.52 | N42: =IF(J42="","",J42/G42*100) -> 8.4805654 | O42: =(H42-I42)/H42*100 -> 13.610799 | P42: =IF(OR(F42="Delivered",F42="Partially Delivered"),1,0) -> 1 | Q42: =IF(F42="Cancelled",1,0) -> 0 | R42: =IF(K42="Yes",1,0) -> 1
A43: PO-00042 | B43: Beta_Supplies | C43: 2022-04-05 | D43: 2022-04-14 | E43: Office Supplies | F43: Delivered | G43: 560 | H43: 81.14 | I43: 77.87 | J43: 34 | K43: No | L43: =IF(D43="","",IF(D43-C43<0,"",D43-C43)) -> 9 | M43: =G43*I43 -> 43607.2 | N43: =IF(J43="","",J43/G43*100) -> 6.0714286 | O43: =(H43-I43)/H43*100 -> 4.0300715 | P43: =IF(OR(F43="Delivered",F43="Partially Delivered"),1,0) -> 1 | Q43: =IF(F43="Cancelled",1,0) -> 0 | R43: =IF(K43="Yes",1,0) -> 0
A44: PO-00043 | B44: Gamma_Co | C44: 2023-01-25 | D44: 2023-02-02 | E44: Electronics | F44: Delivered | G44: 1755 | H44: 63.87 | I44: 58.4 | J44: 85 | K44: Yes | L44: =IF(D44="","",IF(D44-C44<0,"",D44-C44)) -> 8 | M44: =G44*I44 -> 102492 | N44: =IF(J44="","",J44/G44*100) -> 4.8433048 | O44: =(H44-I44)/H44*100 -> 8.5642712 | P44: =IF(OR(F44="Delivered",F44="Partially Delivered"),1,0) -> 1 | Q44: =IF(F44="Cancelled",1,0) -> 0 | R44: =IF(K44="Yes",1,0) -> 1
A45: PO-00044 | B45: Epsilon_Group | C45: 2022-04-10 | D45: 2022-04-17 | E45: MRO | F45: Delivered | G45: 1549 | H45: 48.9 | I45: 42.42 | J45: 48 | K45: Yes | L45: =IF(D45="","",IF(D45-C45<0,"",D45-C45)) -> 7 | M45: =G45*I45 -> 65708.58 | N45: =IF(J45="","",J45/G45*100) -> 3.0987734 | O45: =(H45-I45)/H45*100 -> 13.251534 | P45: =IF(OR(F45="Delivered",F45="Partially Delivered"),1,0) -> 1 | Q45: =IF(F45="Cancelled",1,0) -> 0 | R45: =IF(K45="Yes",1,0) -> 1
A46: PO-00045 | B46: Delta_Logistics | C46: 2023-01-03 | D46: 2023-01-21 | E46: MRO | F46: Delivered | G46: 749 | H46: 97.07 | I46: 94.16 | J46: 123 | K46: Yes | L46: =IF(D46="","",IF(D46-C46<0,"",D46-C46)) -> 18 | M46: =G46*I46 -> 70525.84 | N46: =IF(J46="","",J46/G46*100) -> 16.421896 | O46: =(H46-I46)/H46*100 -> 2.9978366 | P46: =IF(OR(F46="Delivered",F46="Partially Delivered"),1,0) -> 1 | Q46: =IF(F46="Cancelled",1,0) -> 0 | R46: =IF(K46="Yes",1,0) -> 1
A47: PO-00046 | B47: Alpha_Inc | C47: 2022-12-19 | E47: Electronics | F47: Delivered | G47: 1025 | H47: 21.11 | I47: 19.25 | J47: 15 | K47: Yes | L47: =IF(D47="","",IF(D47-C47<0,"",D47-C47)) | M47: =G47*I47 -> 19731.25 | N47: =IF(J47="","",J47/G47*100) -> 1.4634146 | O47: =(H47-I47)/H47*100 -> 8.8109901 | P47: =IF(OR(F47="Delivered",F47="Partially Delivered"),1,0) -> 1 | Q47: =IF(F47="Cancelled",1,0) -> 0 | R47: =IF(K47="Yes",1,0) -> 1
A48: PO-00047 | B48: Beta_Supplies | C48: 2023-09-11 | D48: 2023-09-18 | E48: Raw Materials | F48: Delivered | G48: 1856 | H48: 59.77 | I48: 50.81 | J48: 191 | K48: Yes | L48: =IF(D48="","",IF(D48-C48<0,"",D48-C48)) -> 7 | M48: =G48*I48 -> 94303.36 | N48: =IF(J48="","",J48/G48*100) -> 10.290948 | O48: =(H48-I48)/H48*100 -> 14.990798 | P48: =IF(OR(F48="Delivered",F48="Partially Delivered"),1,0) -> 1 | Q48: =IF(F48="Cancelled",1,0) -> 0 | R48: =IF(K48="Yes",1,0) -> 1
A49: PO-00048 | B49: Epsilon_Group | C49: 2022-09-28 | D49: 2022-10-14 | E49: Office Supplies | F49: Delivered | G49: 239 | H49: 11.46 | I49: 11.28 | J49: 4 | K49: Yes | L49: =IF(D49="","",IF(D49-C49<0,"",D49-C49)) -> 16 | M49: =G49*I49 -> 2695.92 | N49: =IF(J49="","",J49/G49*100) -> 1.6736402 | O49: =(H49-I49)/H49*100 -> 1.5706806 | P49: =IF(OR(F49="Delivered",F49="Partially Delivered"),1,0) -> 1 | Q49: =IF(F49="Cancelled",1,0) -> 0 | R49: =IF(K49="Yes",1,0) -> 1
A50: PO-00049 | B50: Delta_Logistics | C50: 2022-02-14 | D50: 2022-03-05 | E50: Office Supplies | F50: Pending | G50: 1007 | H50: 52.44 | I50: 46.06 | J50: 167 | K50: Yes | L50: =IF(D50="","",IF(D50-C50<0,"",D50-C50)) -> 19 | M50: =G50*I50 -> 46382.42 | N50: =IF(J50="","",J50/G50*100) -> 16.583913 | O50: =(H50-I50)/H50*100 -> 12.166285 | P50: =IF(OR(F50="Delivered",F50="Partially Delivered"),1,0) -> 0 | Q50: =IF(F50="Cancelled",1,0) -> 0 | R50: =IF(K50="Yes",1,0) -> 1
A51: PO-00050 | B51: Alpha_Inc | C51: 2023-04-16 | E51: MRO | F51: Pending | G51: 736 | H51: 16.2 | I51: 15.33 | J51: 18 | K51: Yes | L51: =IF(D51="","",IF(D51-C51<0,"",D51-C51)) | M51: =G51*I51 -> 11282.88 | N51: =IF(J51="","",J51/G51*100) -> 2.4456522 | O51: =(H51-I51)/H51*100 -> 5.3703704 | P51: =IF(OR(F51="Delivered",F51="Partially Delivered"),1,0) -> 0 | Q51: =IF(F51="Cancelled",1,0) -> 0 | R51: =IF(K51="Yes",1,0) -> 1
A52: PO-00051 | B52: Epsilon_Group | C52: 2023-07-04 | D52: 2023-07-14 | E52: Electronics | F52: Delivered | G52: 1007 | H52: 22.56 | I52: 19.59 | K52: Yes | L52: =IF(D52="","",IF(D52-C52<0,"",D52-C52)) -> 10 | M52: =G52*I52 -> 19727.13 | N52: =IF(J52="","",J52/G52*100) | O52: =(H52-I52)/H52*100 -> 13.164894 | P52: =IF(OR(F52="Delivered",F52="Partially Delivered"),1,0) -> 1 | Q52: =IF(F52="Cancelled",1,0) -> 0 | R52: =IF(K52="Yes",1,0) -> 1
A53: PO-00052 | B53: Delta_Logistics | C53: 2022-05-08 | E53: Office Supplies | F53: Delivered | G53: 612 | H53: 20.99 | I53: 19.75 | J53: 102 | K53: Yes | L53: =IF(D53="","",IF(D53-C53<0,"",D53-C53)) | M53: =G53*I53 -> 12087 | N53: =IF(J53="","",J53/G53*100) -> 16.666667 | O53: =(H53-I53)/H53*100 -> 5.907575 | P53: =IF(OR(F53="Delivered",F53="Partially Delivered"),1,0) -> 1 | Q53: =IF(F53="Cancelled",1,0) -> 0 | R53: =IF(K53="Yes",1,0) -> 1
A54: PO-00053 | B54: Alpha_Inc | C54: 2023-01-23 | D54: 2023-02-02 | E54: MRO | F54: Pending | G54: 1949 | H54: 72.53 | I54: 63.26 | J54: 48 | K54: No | L54: =IF(D54="","",IF(D54-C54<0,"",D54-C54)) -> 10 | M54: =G54*I54 -> 123293.74 | N54: =IF(J54="","",J54/G54*100) -> 2.4628014 | O54: =(H54-I54)/H54*100 -> 12.780918 | P54: =IF(OR(F54="Delivered",F54="Partially Delivered"),1,0) -> 0 | Q54: =IF(F54="Cancelled",1,0) -> 0 | R54: =IF(K54="Yes",1,0) -> 0
A55: PO-00054 | B55: Delta_Logistics | C55: 2022-03-22 | D55: 2022-03-28 | E55: Office Supplies | F55: Cancelled | G55: 1640 | H55: 77.92 | I55: 76.41 | J55: 262 | K55: No | L55: =IF(D55="","",IF(D55-C55<0,"",D55-C55)) -> 6 | M55: =G55*I55 -> 125312.4 | N55: =IF(J55="","",J55/G55*100) -> 15.97561 | O55: =(H55-I55)/H55*100 -> 1.937885 | P55: =IF(OR(F55="Delivered",F55="Partially Delivered"),1,0) -> 0 | Q55: =IF(F55="Cancelled",1,0) -> 1 | R55: =IF(K55="Yes",1,0) -> 0
A56: PO-00055 | B56: Beta_Supplies | C56: 2023-07-20 | D56: 2023-08-07 | E56: Electronics | F56: Delivered | G56: 1317 | H56: 68.13 | I56: 60.52 | J56: 136 | K56: Yes | L56: =IF(D56="","",IF(D56-C56<0,"",D56-C56)) -> 18 | M56: =G56*I56 -> 79704.84 | N56: =IF(J56="","",J56/G56*100) -> 10.3265 | O56: =(H56-I56)/H56*100 -> 11.169822 | P56: =IF(OR(F56="Delivered",F56="Partially Delivered"),1,0) -> 1 | Q56: =IF(F56="Cancelled",1,0) -> 0 | R56: =IF(K56="Yes",1,0) -> 1
A57: PO-00056 | B57: Epsilon_Group | C57: 2022-10-28 | D57: 2022-10-30 | E57: Raw Materials | F57: Delivered | G57: 881 | H57: 100.94 | I57: 95.05 | J57: 30 | K57: Yes | L57: =IF(D57="","",IF(D57-C57<0,"",D57-C57)) -> 2 | M57: =G57*I57 -> 83739.05 | N57: =IF(J57="","",J57/G57*100) -> 3.4052213 | O57: =(H57-I57)/H57*100 -> 5.8351496 | P57: =IF(OR(F57="Delivered",F57="Partially Delivered"),1,0) -> 1 | Q57: =IF(F57="Cancelled",1,0) -> 0 | R57: =IF(K57="Yes",1,0) -> 1
A58: PO-00057 | B58: Delta_Logistics | C58: 2023-10-06 | E58: Packaging | F58: Delivered | G58: 1578 | H58: 48.33 | I58: 42.77 | J58: 206 | K58: Yes | L58: =IF(D58="","",IF(D58-C58<0,"",D58-C58)) | M58: =G58*I58 -> 67491.06 | N58: =IF(J58="","",J58/G58*100) -> 13.054499 | O58: =(H58-I58)/H58*100 -> 11.504242 | P58: =IF(OR(F58="Delivered",F58="Partially Delivered"),1,0) -> 1 | Q58: =IF(F58="Cancelled",1,0) -> 0 | R58: =IF(K58="Yes",1,0) -> 1
A59: PO-00058 | B59: Delta_Logistics | C59: 2023-09-26 | D59: 2023-10-01 | E59: MRO | F59: Delivered | G59: 1204 | H59: 39.29 | I59: 35.44 | K59: Yes | L59: =IF(D59="","",IF(D59-C59<0,"",D59-C59)) -> 5 | M59: =G59*I59 -> 42669.76 | N59: =IF(J59="","",J59/G59*100) | O59: =(H59-I59)/H59*100 -> 9.798931 | P59: =IF(OR(F59="Delivered",F59="Partially Delivered"),1,0) -> 1 | Q59: =IF(F59="Cancelled",1,0) -> 0 | R59: =IF(K59="Yes",1,0) -> 1
A60: PO-00059 | B60: Epsilon_Group | C60: 2023-01-06 | D60: 2023-01-22 | E60: MRO | F60: Pending | G60: 1558 | H60: 93.46 | I60: 91.27 | J60: 39 | K60: Yes | L60: =IF(D60="","",IF(D60-C60<0,"",D60-C60)) -> 16 | M60: =G60*I60 -> 142198.66 | N60: =IF(J60="","",J60/G60*100) -> 2.5032092 | O60: =(H60-I60)/H60*100 -> 2.3432484 | P60: =IF(OR(F60="Delivered",F60="Partially Delivered"),1,0) -> 0 | Q60: =IF(F60="Cancelled",1,0) -> 0 | R60: =IF(K60="Yes",1,0) -> 1
A61: PO-00060 | B61: Alpha_Inc | C61: 2023-08-15 | D61: 2023-08-16 | E61: Packaging | F61: Delivered | G61: 1892 | H61: 32.99 | I61: 28.81 | J61: 35 | K61: Yes | L61: =IF(D61="","",IF(D61-C61<0,"",D61-C61)) -> 1 | M61: =G61*I61 -> 54508.52 | N61: =IF(J61="","",J61/G61*100) -> 1.8498943 | O61: =(H61-I61)/H61*100 -> 12.670506 | P61: =IF(OR(F61="Delivered",F61="Partially Delivered"),1,0) -> 1 | Q61: =IF(F61="Cancelled",1,0) -> 0 | R61: =IF(K61="Yes",1,0) -> 1
A62: PO-00061 | B62: Epsilon_Group | C62: 2022-07-16 | D62: 2022-08-01 | E62: Packaging | F62: Delivered | G62: 696 | H62: 99.59 | I62: 90.18 | J62: 25 | K62: Yes | L62: =IF(D62="","",IF(D62-C62<0,"",D62-C62)) -> 16 | M62: =G62*I62 -> 62765.28 | N62: =IF(J62="","",J62/G62*100) -> 3.591954 | O62: =(H62-I62)/H62*100 -> 9.4487398 | P62: =IF(OR(F62="Delivered",F62="Partially Delivered"),1,0) -> 1 | Q62: =IF(F62="Cancelled",1,0) -> 0 | R62: =IF(K62="Yes",1,0) -> 1
A63: PO-00062 | B63: Delta_Logistics | C63: 2023-12-23 | D63: 2024-01-03 | E63: MRO | F63: Partially Delivered | G63: 70 | H63: 12.37 | I63: 11.04 | J63: 10 | K63: Yes | L63: =IF(D63="","",IF(D63-C63<0,"",D63-C63)) -> 11 | M63: =G63*I63 -> 772.8 | N63: =IF(J63="","",J63/G63*100) -> 14.285714 | O63: =(H63-I63)/H63*100 -> 10.751819 | P63: =IF(OR(F63="Delivered",F63="Partially Delivered"),1,0) -> 1 | Q63: =IF(F63="Cancelled",1,0) -> 0 | R63: =IF(K63="Yes",1,0) -> 1
A64: PO-00063 | B64: Gamma_Co | C64: 2022-03-13 | D64: 2022-03-15 | E64: Raw Materials | F64: Delivered | G64: 890 | H64: 98.26 | I64: 93.14 | J64: 49 | K64: Yes | L64: =IF(D64="","",IF(D64-C64<0,"",D64-C64)) -> 2 | M64: =G64*I64 -> 82894.6 | N64: =IF(J64="","",J64/G64*100) -> 5.505618 | O64: =(H64-I64)/H64*100 -> 5.2106656 | P64: =IF(OR(F64="Delivered",F64="Partially Delivered"),1,0) -> 1 | Q64: =IF(F64="Cancelled",1,0) -> 0 | R64: =IF(K64="Yes",1,0) -> 1
A65: PO-00064 | B65: Alpha_Inc | C65: 2022-02-16 | D65: 2022-03-04 | E65: MRO | F65: Delivered | G65: 216 | H65: 13.95 | I65: 12.31 | J65: 5 | K65: Yes | L65: =IF(D65="","",IF(D65-C65<0,"",D65-C65)) -> 16 | M65: =G65*I65 -> 2658.96 | N65: =IF(J65="","",J65/G65*100) -> 2.3148148 | O65: =(H65-I65)/H65*100 -> 11.756272 | P65: =IF(OR(F65="Delivered",F65="Partially Delivered"),1,0) -> 1 | Q65: =IF(F65="Cancelled",1,0) -> 0 | R65: =IF(K65="Yes",1,0) -> 1
A66: PO-00065 | B66: Delta_Logistics | C66: 2023-11-09 | D66: 2023-11-12 | E66: Packaging | F66: Delivered | G66: 1347 | H66: 100.13 | I66: 94.3 | J66: 200 | K66: Yes | L66: =IF(D66="","",IF(D66-C66<0,"",D66-C66)) -> 3 | M66: =G66*I66 -> 127022.1 | N66: =IF(J66="","",J66/G66*100) -> 14.84781 | O66: =(H66-I66)/H66*100 -> 5.8224308 | P66: =IF(OR(F66="Delivered",F66="Partially Delivered"),1,0) -> 1 | Q66: =IF(F66="Cancelled",1,0) -> 0 | R66: =IF(K66="Yes",1,0) -> 1
A67: PO-00066 | B67: Gamma_Co | C67: 2022-08-22 | D67: 2022-08-25 | E67: Office Supplies | F67: Partially Delivered | G67: 437 | H67: 59.51 | I67: 56.45 | J67: 25 | K67: No | L67: =IF(D67="","",IF(D67-C67<0,"",D67-C67)) -> 3 | M67: =G67*I67 -> 24668.65 | N67: =IF(J67="","",J67/G67*100) -> 5.7208238 | O67: =(H67-I67)/H67*100 -> 5.1419929 | P67: =IF(OR(F67="Delivered",F67="Partially Delivered"),1,0) -> 1 | Q67: =IF(F67="Cancelled",1,0) -> 0 | R67: =IF(K67="Yes",1,0) -> 0
A68: PO-00067 | B68: Alpha_Inc | C68: 2022-10-24 | D68: 2022-10-26 | E68: Electronics | F68: Delivered | G68: 650 | H68: 103.84 | I68: 88.28 | J68: 12 | K68: Yes | L68: =IF(D68="","",IF(D68-C68<0,"",D68-C68)) -> 2 | M68: =G68*I68 -> 57382 | N68: =IF(J68="","",J68/G68*100) -> 1.8461538 | O68: =(H68-I68)/H68*100 -> 14.984592 | P68: =IF(OR(F68="Delivered",F68="Partially Delivered"),1,0) -> 1 | Q68: =IF(F68="Cancelled",1,0) -> 0 | R68: =IF(K68="Yes",1,0) -> 1
A69: PO-00068 | B69: Beta_Supplies | C69: 2022-03-23 | D69: 2022-04-11 | E69: Office Supplies | F69: Delivered | G69: 365 | H69: 16.81 | I69: 15.41 | J69: 38 | K69: Yes | L69: =IF(D69="","",IF(D69-C69<0,"",D69-C69)) -> 19 | M69: =G69*I69 -> 5624.65 | N69: =IF(J69="","",J69/G69*100) -> 10.410959 | O69: =(H69-I69)/H69*100 -> 8.328376 | P69: =IF(OR(F69="Delivered",F69="Partially Delivered"),1,0) -> 1 | Q69: =IF(F69="Cancelled",1,0) -> 0 | R69: =IF(K69="Yes",1,0) -> 1
A70: PO-00069 | B70: Epsilon_Group | C70: 2022-08-27 | E70: Raw Materials | F70: Cancelled | G70: 63 | H70: 61.94 | I70: 53.8 | K70: Yes | L70: =IF(D70="","",IF(D70-C70<0,"",D70-C70)) | M70: =G70*I70 -> 3389.4 | N70: =IF(J70="","",J70/G70*100) | O70: =(H70-I70)/H70*100 -> 13.14175 | P70: =IF(OR(F70="Delivered",F70="Partially Delivered"),1,0) -> 0 | Q70: =IF(F70="Cancelled",1,0) -> 1 | R70: =IF(K70="Yes",1,0) -> 1
A71: PO-00070 | B71: Alpha_Inc | C71: 2022-04-14 | D71: 2022-04-22 | E71: MRO | F71: Delivered | G71: 291 | H71: 98.7 | I71: 87.02 | J71: 9 | K71: Yes | L71: =IF(D71="","",IF(D71-C71<0,"",D71-C71)) -> 8 | M71: =G71*I71 -> 25322.82 | N71: =IF(J71="","",J71/G71*100) -> 3.0927835 | O71: =(H71-I71)/H71*100 -> 11.83384 | P71: =IF(OR(F71="Delivered",F71="Partially Delivered"),1,0) -> 1 | Q71: =IF(F71="Cancelled",1,0) -> 0 | R71: =IF(K71="Yes",1,0) -> 1
A72: PO-00071 | B72: Alpha_Inc | C72: 2023-01-25 | D72: 2023-02-08 | E72: MRO | F72: Cancelled | G72: 826 | H72: 60.5 | I72: 57.18 | J72: 18 | K72: Yes | L72: =IF(D72="","",IF(D72-C72<0,"",D72-C72)) -> 14 | M72: =G72*I72 -> 47230.68 | N72: =IF(J72="","",J72/G72*100) -> 2.1791768 | O72: =(H72-I72)/H72*100 -> 5.4876033 | P72: =IF(OR(F72="Delivered",F72="Partially Delivered"),1,0) -> 0 | Q72: =IF(F72="Cancelled",1,0) -> 1 | R72: =IF(K72="Yes",1,0) -> 1
A73: PO-00072 | B73: Delta_Logistics | C73: 2022-10-12 | D73: 2022-11-01 | E73: Electronics | F73: Pending | G73: 1419 | H73: 69.64 | I73: 59.28 | J73: 194 | K73: Yes | L73: =IF(D73="","",IF(D73-C73<0,"",D73-C73)) -> 20 | M73: =G73*I73 -> 84118.32 | N73: =IF(J73="","",J73/G73*100) -> 13.6716 | O73: =(H73-I73)/H73*100 -> 14.876508 | P73: =IF(OR(F73="Delivered",F73="Partially Delivered"),1,0) -> 0 | Q73: =IF(F73="Cancelled",1,0) -> 0 | R73: =IF(K73="Yes",1,0) -> 1
A74: PO-00073 | B74: Gamma_Co | C74: 2023-04-10 | D74: 2023-04-27 | E74: Office Supplies | F74: Delivered | G74: 614 | H74: 78.06 | I74: 73.95 | J74: 40 | K74: Yes | L74: =IF(D74="","",IF(D74-C74<0,"",D74-C74)) -> 17 | M74: =G74*I74 -> 45405.3 | N74: =IF(J74="","",J74/G74*100) -> 6.514658 | O74: =(H74-I74)/H74*100 -> 5.2651806 | P74: =IF(OR(F74="Delivered",F74="Partially Delivered"),1,0) -> 1 | Q74: =IF(F74="Cancelled",1,0) -> 0 | R74: =IF(K74="Yes",1,0) -> 1
A75: PO-00074 | B75: Alpha_Inc | C75: 2023-10-13 | D75: 2023-10-28 | E75: Electronics | F75: Delivered | G75: 947 | H75: 56.25 | I75: 54.25 | J75: 19 | K75: Yes | L75: =IF(D75="","",IF(D75-C75<0,"",D75-C75)) -> 15 | M75: =G75*I75 -> 51374.75 | N75: =IF(J75="","",J75/G75*100) -> 2.0063358 | O75: =(H75-I75)/H75*100 -> 3.5555556 | P75: =IF(OR(F75="Delivered",F75="Partially Delivered"),1,0) -> 1 | Q75: =IF(F75="Cancelled",1,0) -> 0 | R75: =IF(K75="Yes",1,0) -> 1
A76: PO-00075 | B76: Epsilon_Group | C76: 2023-01-09 | D76: 2023-01-28 | E76: Raw Materials | F76: Delivered | G76: 1413 | H76: 70.47 | I76: 69.65 | K76: Yes | L76: =IF(D76="","",IF(D76-C76<0,"",D76-C76)) -> 19 | M76: =G76*I76 -> 98415.45 | N76: =IF(J76="","",J76/G76*100) | O76: =(H76-I76)/H76*100 -> 1.1636157 | P76: =IF(OR(F76="Delivered",F76="Partially Delivered"),1,0) -> 1 | Q76: =IF(F76="Cancelled",1,0) -> 0 | R76: =IF(K76="Yes",1,0) -> 1
A77: PO-00076 | B77: Alpha_Inc | C77: 2022-06-16 | E77: Office Supplies | F77: Partially Delivered | G77: 141 | H77: 64.15 | I77: 58.32 | K77: Yes | L77: =IF(D77="","",IF(D77-C77<0,"",D77-C77)) | M77: =G77*I77 -> 8223.12 | N77: =IF(J77="","",J77/G77*100) | O77: =(H77-I77)/H77*100 -> 9.0880748 | P77: =IF(OR(F77="Delivered",F77="Partially Delivered"),1,0) -> 1 | Q77: =IF(F77="Cancelled",1,0) -> 0 | R77: =IF(K77="Yes",1,0) -> 1
A78: PO-00077 | B78: Alpha_Inc | C78: 2023-01-15 | D78: 2023-02-04 | E78: Office Supplies | F78: Delivered | G78: 1440 | H78: 96.57 | I78: 83.87 | J78: 36 | K78: Yes | L78: =IF(D78="","",IF(D78-C78<0,"",D78-C78)) -> 20 | M78: =G78*I78 -> 120772.8 | N78: =IF(J78="","",J78/G78*100) -> 2.5 | O78: =(H78-I78)/H78*100 -> 13.151082 | P78: =IF(OR(F78="Delivered",F78="Partially Delivered"),1,0) -> 1 | Q78: =IF(F78="Cancelled",1,0) -> 0 | R78: =IF(K78="Yes",1,0) -> 1
A79: PO-00078 | B79: Delta_Logistics | C79: 2022-12-30 | D79: 2023-01-03 | E79: Raw Materials | F79: Delivered | G79: 1005 | H79: 14.87 | I79: 12.79 | K79: No | L79: =IF(D79="","",IF(D79-C79<0,"",D79-C79)) -> 4 | M79: =G79*I79 -> 12853.95 | N79: =IF(J79="","",J79/G79*100) | O79: =(H79-I79)/H79*100 -> 13.987895 | P79: =IF(OR(F79="Delivered",F79="Partially Delivered"),1,0) -> 1 | Q79: =IF(F79="Cancelled",1,0) -> 0 | R79: =IF(K79="Yes",1,0) -> 0
A80: PO-00079 | B80: Alpha_Inc | C80: 2022-08-03 | E80: MRO | F80: Delivered | G80: 1528 | H80: 36.52 | I80: 33 | J80: 31 | K80: No | L80: =IF(D80="","",IF(D80-C80<0,"",D80-C80)) | M80: =G80*I80 -> 50424 | N80: =IF(J80="","",J80/G80*100) -> 2.0287958 | O80: =(H80-I80)/H80*100 -> 9.6385542 | P80: =IF(OR(F80="Delivered",F80="Partially Delivered"),1,0) -> 1 | Q80: =IF(F80="Cancelled",1,0) -> 0 | R80: =IF(K80="Yes",1,0) -> 0
A81: PO-00080 | B81: Gamma_Co | C81: 2023-11-18 | D81: 2023-11-25 | E81: MRO | F81: Delivered | G81: 1501 | H81: 106.05 | I81: 100.99 | J81: 77 | K81: No | L81: =IF(D81="","",IF(D81-C81<0,"",D81-C81)) -> 7 | M81: =G81*I81 -> 151585.99 | N81: =IF(J81="","",J81/G81*100) -> 5.1299134 | O81: =(H81-I81)/H81*100 -> 4.7713343 | P81: =IF(OR(F81="Delivered",F81="Partially Delivered"),1,0) -> 1 | Q81: =IF(F81="Cancelled",1,0) -> 0 | R81: =IF(K81="Yes",1,0) -> 0
A82: PO-00081 | B82: Delta_Logistics | C82: 2022-10-01 | D82: 2022-10-04 | E82: Packaging | F82: Delivered | G82: 558 | H82: 94.18 | I82: 81.4 | K82: No | L82: =IF(D82="","",IF(D82-C82<0,"",D82-C82)) -> 3 | M82: =G82*I82 -> 45421.2 | N82: =IF(J82="","",J82/G82*100) | O82: =(H82-I82)/H82*100 -> 13.56976 | P82: =IF(OR(F82="Delivered",F82="Partially Delivered"),1,0) -> 1 | Q82: =IF(F82="Cancelled",1,0) -> 0 | R82: =IF(K82="Yes",1,0) -> 0
A83: PO-00082 | B83: Beta_Supplies | C83: 2023-12-20 | D83: 2023-12-26 | E83: MRO | F83: Delivered | G83: 825 | H83: 56.88 | I83: 50.84 | K83: Yes | L83: =IF(D83="","",IF(D83-C83<0,"",D83-C83)) -> 6 | M83: =G83*I83 -> 41943 | N83: =IF(J83="","",J83/G83*100) | O83: =(H83-I83)/H83*100 -> 10.618847 | P83: =IF(OR(F83="Delivered",F83="Partially Delivered"),1,0) -> 1 | Q83: =IF(F83="Cancelled",1,0) -> 0 | R83: =IF(K83="Yes",1,0) -> 1
A84: PO-00083 | B84: Beta_Supplies | C84: 2023-12-01 | D84: 2023-12-07 | E84: Electronics | F84: Cancelled | G84: 84 | H84: 73.38 | I84: 71.42 | J84: 9 | K84: Yes | L84: =IF(D84="","",IF(D84-C84<0,"",D84-C84)) -> 6 | M84: =G84*I84 -> 5999.28 | N84: =IF(J84="","",J84/G84*100) -> 10.714286 | O84: =(H84-I84)/H84*100 -> 2.6710275 | P84: =IF(OR(F84="Delivered",F84="Partially Delivered"),1,0) -> 0 | Q84: =IF(F84="Cancelled",1,0) -> 1 | R84: =IF(K84="Yes",1,0) -> 1
A85: PO-00084 | B85: Delta_Logistics | C85: 2023-10-26 | D85: 2023-11-10 | E85: Raw Materials | F85: Delivered | G85: 255 | H85: 38.64 | I85: 33.59 | J85: 27 | K85: No | L85: =IF(D85="","",IF(D85-C85<0,"",D85-C85)) -> 15 | M85: =G85*I85 -> 8565.45 | N85: =IF(J85="","",J85/G85*100) -> 10.588235 | O85: =(H85-I85)/H85*100 -> 13.069358 | P85: =IF(OR(F85="Delivered",F85="Partially Delivered"),1,0) -> 1 | Q85: =IF(F85="Cancelled",1,0) -> 0 | R85: =IF(K85="Yes",1,0) -> 0
A86: PO-00085 | B86: Gamma_Co | C86: 2022-03-15 | D86: 2022-03-31 | E86: MRO | F86: Delivered | G86: 1154 | H86: 27.2 | I86: 26.07 | J86: 58 | K86: Yes | L86: =IF(D86="","",IF(D86-C86<0,"",D86-C86)) -> 16 | M86: =G86*I86 -> 30084.78 | N86: =IF(J86="","",J86/G86*100) -> 5.0259965 | O86: =(H86-I86)/H86*100 -> 4.1544118 | P86: =IF(OR(F86="Delivered",F86="Partially Delivered"),1,0) -> 1 | Q86: =IF(F86="Cancelled",1,0) -> 0 | R86: =IF(K86="Yes",1,0) -> 1
A87: PO-00086 | B87: Delta_Logistics | C87: 2023-09-16 | D87: 2023-09-24 | E87: Office Supplies | F87: Delivered | G87: 1635 | H87: 56.91 | I87: 54.37 | J87: 262 | K87: No | L87: =IF(D87="","",IF(D87-C87<0,"",D87-C87)) -> 8 | M87: =G87*I87 -> 88894.95 | N87: =IF(J87="","",J87/G87*100) -> 16.024465 | O87: =(H87-I87)/H87*100 -> 4.4631875 | P87: =IF(OR(F87="Delivered",F87="Partially Delivered"),1,0) -> 1 | Q87: =IF(F87="Cancelled",1,0) -> 0 | R87: =IF(K87="Yes",1,0) -> 0
A88: PO-00087 | B88: Delta_Logistics | C88: 2023-10-13 | D88: 2023-10-23 | E88: Raw Materials | F88: Delivered | G88: 1945 | H88: 46.19 | I88: 40.12 | J88: 278 | K88: No | L88: =IF(D88="","",IF(D88-C88<0,"",D88-C88)) -> 10 | M88: =G88*I88 -> 78033.4 | N88: =IF(J88="","",J88/G88*100) -> 14.293059 | O88: =(H88-I88)/H88*100 -> 13.141373 | P88: =IF(OR(F88="Delivered",F88="Partially Delivered"),1,0) -> 1 | Q88: =IF(F88="Cancelled",1,0) -> 0 | R88: =IF(K88="Yes",1,0) -> 0
A89: PO-00088 | B89: Delta_Logistics | C89: 2022-06-25 | D89: 2022-07-10 | E89: MRO | F89: Partially Delivered | G89: 1461 | H89: 64.09 | I89: 63.39 | J89: 228 | K89: No | L89: =IF(D89="","",IF(D89-C89<0,"",D89-C89)) -> 15 | M89: =G89*I89 -> 92612.79 | N89: =IF(J89="","",J89/G89*100) -> 15.605749 | O89: =(H89-I89)/H89*100 -> 1.0922141 | P89: =IF(OR(F89="Delivered",F89="Partially Delivered"),1,0) -> 1 | Q89: =IF(F89="Cancelled",1,0) -> 0 | R89: =IF(K89="Yes",1,0) -> 0
A90: PO-00089 | B90: Delta_Logistics | C90: 2023-07-01 | D90: 2023-07-09 | E90: Electronics | F90: Delivered | G90: 1075 | H90: 18.53 | I90: 16.12 | J90: 147 | K90: Yes | L90: =IF(D90="","",IF(D90-C90<0,"",D90-C90)) -> 8 | M90: =G90*I90 -> 17329 | N90: =IF(J90="","",J90/G90*100) -> 13.674419 | O90: =(H90-I90)/H90*100 -> 13.005936 | P90: =IF(OR(F90="Delivered",F90="Partially Delivered"),1,0) -> 1 | Q90: =IF(F90="Cancelled",1,0) -> 0 | R90: =IF(K90="Yes",1,0) -> 1
A91: PO-00090 | B91: Alpha_Inc | C91: 2022-09-08 | E91: Packaging | F91: Delivered | G91: 1071 | H91: 101.6 | I91: 93.91 | J91: 25 | K91: Yes | L91: =IF(D91="","",IF(D91-C91<0,"",D91-C91)) | M91: =G91*I91 -> 100577.61 | N91: =IF(J91="","",J91/G91*100) -> 2.334267 | O91: =(H91-I91)/H91*100 -> 7.5688976 | P91: =IF(OR(F91="Delivered",F91="Partially Delivered"),1,0) -> 1 | Q91: =IF(F91="Cancelled",1,0) -> 0 | R91: =IF(K91="Yes",1,0) -> 1
A92: PO-00091 | B92: Epsilon_Group | C92: 2022-06-17 | D92: 2022-07-06 | E92: Packaging | F92: Pending | G92: 1463 | H92: 101.23 | I92: 86.17 | J92: 43 | K92: Yes | L92: =IF(D92="","",IF(D92-C92<0,"",D92-C92)) -> 19 | M92: =G92*I92 -> 126066.71 | N92: =IF(J92="","",J92/G92*100) -> 2.9391661 | O92: =(H92-I92)/H92*100 -> 14.877013 | P92: =IF(OR(F92="Delivered",F92="Partially Delivered"),1,0) -> 0 | Q92: =IF(F92="Cancelled",1,0) -> 0 | R92: =IF(K92="Yes",1,0) -> 1
A93: PO-00092 | B93: Beta_Supplies | C93: 2023-04-19 | D93: 2023-04-26 | E93: Raw Materials | F93: Delivered | G93: 615 | H93: 78.3 | I93: 73.68 | J93: 69 | K93: Yes | L93: =IF(D93="","",IF(D93-C93<0,"",D93-C93)) -> 7 | M93: =G93*I93 -> 45313.2 | N93: =IF(J93="","",J93/G93*100) -> 11.219512 | O93: =(H93-I93)/H93*100 -> 5.9003831 | P93: =IF(OR(F93="Delivered",F93="Partially Delivered"),1,0) -> 1 | Q93: =IF(F93="Cancelled",1,0) -> 0 | R93: =IF(K93="Yes",1,0) -> 1
A94: PO-00093 | B94: Gamma_Co | C94: 2023-01-24 | D94: 2023-02-11 | E94: Electronics | F94: Delivered | G94: 1179 | H94: 61.74 | I94: 56.28 | K94: Yes | L94: =IF(D94="","",IF(D94-C94<0,"",D94-C94)) -> 18 | M94: =G94*I94 -> 66354.12 | N94: =IF(J94="","",J94/G94*100) | O94: =(H94-I94)/H94*100 -> 8.8435374 | P94: =IF(OR(F94="Delivered",F94="Partially Delivered"),1,0) -> 1 | Q94: =IF(F94="Cancelled",1,0) -> 0 | R94: =IF(K94="Yes",1,0) -> 1
A95: PO-00094 | B95: Alpha_Inc | C95: 2022-10-04 | D95: 2022-10-09 | E95: Electronics | F95: Partially Delivered | G95: 1845 | H95: 39.56 | I95: 37.63 | J95: 45 | K95: Yes | L95: =IF(D95="","",IF(D95-C95<0,"",D95-C95)) -> 5 | M95: =G95*I95 -> 69427.35 | N95: =IF(J95="","",J95/G95*100) -> 2.4390244 | O95: =(H95-I95)/H95*100 -> 4.8786653 | P95: =IF(OR(F95="Delivered",F95="Partially Delivered"),1,0) -> 1 | Q95: =IF(F95="Cancelled",1,0) -> 0 | R95: =IF(K95="Yes",1,0) -> 1
A96: PO-00095 | B96: Beta_Supplies | C96: 2023-10-18 | E96: Electronics | F96: Cancelled | G96: 1895 | H96: 91.98 | I96: 86.27 | J96: 170 | K96: Yes | L96: =IF(D96="","",IF(D96-C96<0,"",D96-C96)) | M96: =G96*I96 -> 163481.65 | N96: =IF(J96="","",J96/G96*100) -> 8.9709763 | O96: =(H96-I96)/H96*100 -> 6.2078713 | P96: =IF(OR(F96="Delivered",F96="Partially Delivered"),1,0) -> 0 | Q96: =IF(F96="Cancelled",1,0) -> 1 | R96: =IF(K96="Yes",1,0) -> 1
A97: PO-00096 | B97: Epsilon_Group | C97: 2023-12-06 | D97: 2023-12-09 | E97: MRO | F97: Partially Delivered | G97: 1550 | H97: 79.86 | I97: 69.57 | J97: 32 | K97: No | L97: =IF(D97="","",IF(D97-C97<0,"",D97-C97)) -> 3 | M97: =G97*I97 -> 107833.5 | N97: =IF(J97="","",J97/G97*100) -> 2.0645161 | O97: =(H97-I97)/H97*100 -> 12.885049 | P97: =IF(OR(F97="Delivered",F97="Partially Delivered"),1,0) -> 1 | Q97: =IF(F97="Cancelled",1,0) -> 0 | R97: =IF(K97="Yes",1,0) -> 0
A98: PO-00097 | B98: Delta_Logistics | C98: 2023-07-25 | D98: 2023-08-04 | E98: Packaging | F98: Delivered | G98: 752 | H98: 26.85 | I98: 24.37 | K98: No | L98: =IF(D98="","",IF(D98-C98<0,"",D98-C98)) -> 10 | M98: =G98*I98 -> 18326.24 | N98: =IF(J98="","",J98/G98*100) | O98: =(H98-I98)/H98*100 -> 9.2364991 | P98: =IF(OR(F98="Delivered",F98="Partially Delivered"),1,0) -> 1 | Q98: =IF(F98="Cancelled",1,0) -> 0 | R98: =IF(K98="Yes",1,0) -> 0
A99: PO-00098 | B99: Epsilon_Group | C99: 2022-08-13 | D99: 2022-09-01 | E99: Electronics | F99: Delivered | G99: 451 | H99: 95.2 | I99: 90.07 | J99: 21 | K99: Yes | L99: =IF(D99="","",IF(D99-C99<0,"",D99-C99)) -> 19 | M99: =G99*I99 -> 40621.57 | N99: =IF(J99="","",J99/G99*100) -> 4.6563193 | O99: =(H99-I99)/H99*100 -> 5.3886555 | P99: =IF(OR(F99="Delivered",F99="Partially Delivered"),1,0) -> 1 | Q99: =IF(F99="Cancelled",1,0) -> 0 | R99: =IF(K99="Yes",1,0) -> 1
A100: PO-00099 | B100: Beta_Supplies | C100: 2023-12-03 | E100: Office Supplies | F100: Delivered | G100: 779 | H100: 93.69 | I100: 90.92 | J100: 66 | K100: Yes | L100: =IF(D100="","",IF(D100-C100<0,"",D100-C100)) | M100: =G100*I100 -> 70826.68 | N100: =IF(J100="","",J100/G100*100) -> 8.4724005 | O100: =(H100-I100)/H100*100 -> 2.9565589 | P100: =IF(OR(F100="Delivered",F100="Partially Delivered"),1,0) -> 1 | Q100: =IF(F100="Cancelled",1,0) -> 0 | R100: =IF(K100="Yes",1,0) -> 1
...

Sheet Supplier Scorecard
A1: Supplier Risk & Performance Scorecard
A2: Source: Procurement KPI Analysis Dataset (777 POs, 2022-01 to 2024-01). Lead time excludes 1 record with a delivery date preceding its order date (data error).
A4: Supplier | B4: Total POs | C4: Total Spend | D4: Avg Lead Time (days) | E4: Lead Time Std Dev | F4: CV Lead Time (%) | G4: Cancellation Rate (%) | H4: Avg Defect Rate (%) | I4: Compliance Rate (%) | J4: Avg Savings (%) | K4: Delivery Risk | L4: Quality Risk | M4: Impact Score | N4: Risk Score | O4: Risk Category
A5: Alpha_Inc | B5: =COUNTIF('Raw Data'!$B$2:$B$778,A5) -> 141 | C5: =SUMIF('Raw Data'!$B$2:$B$778,A5,'Raw Data'!$M$2:$M$778) -> 7839712.2 | D5: =AVERAGEIF('Raw Data'!$B$2:$B$778,A5,'Raw Data'!$L$2:$L$778) -> 10.741379 | E5: =SQRT(SUMPRODUCT(('Raw Data'!$B$2:$B$778=A5)*('Raw Data'!$L$2:$L$778<>"")*((IF('Raw Data'!$L$2:$L$778="",0,'Raw Data'!$L$2:$L$778)-D5)^2)) / MAX(1,SUMPRODUCT(('Raw Data'!$B$2:$B$778=A5)*('Raw Data'!$L$2:$L$778<>""))-1)) -> 5.4805914 | F5: =IF(D5=0,0,E5/D5*100) -> 51.023162 | G5: =SUMIF('Raw Data'!$B$2:$B$778,A5,'Raw Data'!$Q$2:$Q$778)/B5*100 -> 9.2198582 | H5: =AVERAGEIF('Raw Data'!$B$2:$B$778,A5,'Raw Data'!$N$2:$N$778) -> 2.3590024 | I5: =SUMIF('Raw Data'!$B$2:$B$778,A5,'Raw Data'!$R$2:$R$778)/B5*100 -> 93.617021 | J5: =AVERAGEIF('Raw Data'!$B$2:$B$778,A5,'Raw Data'!$O$2:$O$778) -> 8.210459 | K5: =(( G5-MIN($G$5:$G$9) )/MAX(0.0001,MAX($G$5:$G$9)-MIN($G$5:$G$9)) *0.5 + ( F5-MIN($F$5:$F$9) )/MAX(0.0001,MAX($F$5:$F$9)-MIN($F$5:$F$9)) *0.5) *100 -> 53.93792 | L5: =(( H5-MIN($H$5:$H$9) )/MAX(0.0001,MAX($H$5:$H$9)-MIN($H$5:$H$9)) *0.6 + ( (100-I5)-MIN(100-$I$5:$I$9) )/MAX(0.0001,MAX(100-$I$5:$I$9)-MIN(100-$I$5:$I$9)) *0.4) *100 -> 0 | M5: =( C5-MIN($C$5:$C$9) )/MAX(0.0001,MAX($C$5:$C$9)-MIN($C$5:$C$9)) *100 -> 0 | N5: =K5*0.4+L5*0.3+M5*0.3 -> 21.575168 | O5: =IF(N5>=75,"Critical Risk",IF(N5>=50,"High Risk",IF(N5>=25,"Medium Risk","Low Risk"))) -> Low Risk
A6: Beta_Supplies | B6: =COUNTIF('Raw Data'!$B$2:$B$778,A6) -> 156 | C6: =SUMIF('Raw Data'!$B$2:$B$778,A6,'Raw Data'!$M$2:$M$778) -> 9858665.9 | D6: =AVERAGEIF('Raw Data'!$B$2:$B$778,A6,'Raw Data'!$L$2:$L$778) -> 11.272727 | E6: =SQRT(SUMPRODUCT(('Raw Data'!$B$2:$B$778=A6)*('Raw Data'!$L$2:$L$778<>"")*((IF('Raw Data'!$L$2:$L$778="",0,'Raw Data'!$L$2:$L$778)-D6)^2)) / MAX(1,SUMPRODUCT(('Raw Data'!$B$2:$B$778=A6)*('Raw Data'!$L$2:$L$778<>""))-1)) -> 5.6918298 | F6: =IF(D6=0,0,E6/D6*100) -> 50.492039 | G6: =SUMIF('Raw Data'!$B$2:$B$778,A6,'Raw Data'!$Q$2:$Q$778)/B6*100 -> 8.974359 | H6: =AVERAGEIF('Raw Data'!$B$2:$B$778,A6,'Raw Data'!$N$2:$N$778) -> 9.776386 | I6: =SUMIF('Raw Data'!$B$2:$B$778,A6,'Raw Data'!$R$2:$R$778)/B6*100 -> 75.641026 | J6: =AVERAGEIF('Raw Data'!$B$2:$B$778,A6,'Raw Data'!$O$2:$O$778) -> 7.8276992 | K6: =(( G6-MIN($G$5:$G$9) )/MAX(0.0001,MAX($G$5:$G$9)-MIN($G$5:$G$9)) *0.5 + ( F6-MIN($F$5:$F$9) )/MAX(0.0001,MAX($F$5:$F$9)-MIN($F$5:$F$9)) *0.5) *100 -> 46.295563 | L6: =(( H6-MIN($H$5:$H$9) )/MAX(0.0001,MAX($H$5:$H$9)-MIN($H$5:$H$9)) *0.6 + ( (100-I6)-MIN(100-$I$5:$I$9) )/MAX(0.0001,MAX(100-$I$5:$I$9)-MIN(100-$I$5:$I$9)) *0.4) *100 -> 36.263822 | M6: =( C6-MIN($C$5:$C$9) )/MAX(0.0001,MAX($C$5:$C$9)-MIN($C$5:$C$9)) *100 -> 100 | N6: =K6*0.4+L6*0.3+M6*0.3 -> 59.397372 | O6: =IF(N6>=75,"Critical Risk",IF(N6>=50,"High Risk",IF(N6>=25,"Medium Risk","Low Risk"))) -> High Risk
A7: Delta_Logistics | B7: =COUNTIF('Raw Data'!$B$2:$B$778,A7) -> 171 | C7: =SUMIF('Raw Data'!$B$2:$B$778,A7,'Raw Data'!$M$2:$M$778) -> 9236240.5 | D7: =AVERAGEIF('Raw Data'!$B$2:$B$778,A7,'Raw Data'!$L$2:$L$778) -> 10.854305 | E7: =SQRT(SUMPRODUCT(('Raw Data'!$B$2:$B$778=A7)*('Raw Data'!$L$2:$L$778<>"")*((IF('Raw Data'!$L$2:$L$778="",0,'Raw Data'!$L$2:$L$778)-D7)^2)) / MAX(1,SUMPRODUCT(('Raw Data'!$B$2:$B$778=A7)*('Raw Data'!$L$2:$L$778<>""))-1)) -> 6.0281532 | F7: =IF(D7=0,0,E7/D7*100) -> 55.536982 | G7: =SUMIF('Raw Data'!$B$2:$B$778,A7,'Raw Data'!$Q$2:$Q$778)/B7*100 -> 9.3567251 | H7: =AVERAGEIF('Raw Data'!$B$2:$B$778,A7,'Raw Data'!$N$2:$N$778) -> 14.631372 | I7: =SUMIF('Raw Data'!$B$2:$B$778,A7,'Raw Data'!$R$2:$R$778)/B7*100 -> 60.818713 | J7: =AVERAGEIF('Raw Data'!$B$2:$B$778,A7,'Raw Data'!$O$2:$O$778) -> 7.8119769 | K7: =(( G7-MIN($G$5:$G$9) )/MAX(0.0001,MAX($G$5:$G$9)-MIN($G$5:$G$9)) *0.5 + ( F7-MIN($F$5:$F$9) )/MAX(0.0001,MAX($F$5:$F$9)-MIN($F$5:$F$9)) *0.5) *100 -> 100 | L7: =(( H7-MIN($H$5:$H$9) )/MAX(0.0001,MAX($H$5:$H$9)-MIN($H$5:$H$9)) *0.6 + ( (100-I7)-MIN(100-$I$5:$I$9) )/MAX(0.0001,MAX(100-$I$5:$I$9)-MIN(100-$I$5:$I$9)) *0.4) *100 -> 60 | M7: =( C7-MIN($C$5:$C$9) )/MAX(0.0001,MAX($C$5:$C$9)-MIN($C$5:$C$9)) *100 -> 69.170891 | N7: =K7*0.4+L7*0.3+M7*0.3 -> 78.751267 | O7: =IF(N7>=75,"Critical Risk",IF(N7>=50,"High Risk",IF(N7>=25,"Medium Risk","Low Risk"))) -> Critical Risk
A8: Epsilon_Group | B8: =COUNTIF('Raw Data'!$B$2:$B$778,A8) -> 166 | C8: =SUMIF('Raw Data'!$B$2:$B$778,A8,'Raw Data'!$M$2:$M$778) -> 9851156.1 | D8: =AVERAGEIF('Raw Data'!$B$2:$B$778,A8,'Raw Data'!$L$2:$L$778) -> 10.865772 | E8: =SQRT(SUMPRODUCT(('Raw Data'!$B$2:$B$778=A8)*('Raw Data'!$L$2:$L$778<>"")*((IF('Raw Data'!$L$2:$L$778="",0,'Raw Data'!$L$2:$L$778)-D8)^2)) / MAX(1,SUMPRODUCT(('Raw Data'!$B$2:$B$778=A8)*('Raw Data'!$L$2:$L$778<>""))-1)) -> 5.7465121 | F8: =IF(D8=0,0,E8/D8*100) -> 52.886369 | G8: =SUMIF('Raw Data'!$B$2:$B$778,A8,'Raw Data'!$Q$2:$Q$778)/B8*100 -> 8.4337349 | H8: =AVERAGEIF('Raw Data'!$B$2:$B$778,A8,'Raw Data'!$N$2:$N$778) -> 3.0683733 | I8: =SUMIF('Raw Data'!$B$2:$B$778,A8,'Raw Data'!$R$2:$R$778)/B8*100 -> 98.192771 | J8: =AVERAGEIF('Raw Data'!$B$2:$B$778,A8,'Raw Data'!$O$2:$O$778) -> 8.0405205 | K8: =(( G8-MIN($G$5:$G$9) )/MAX(0.0001,MAX($G$5:$G$9)-MIN($G$5:$G$9)) *0.5 + ( F8-MIN($F$5:$F$9) )/MAX(0.0001,MAX($F$5:$F$9)-MIN($F$5:$F$9)) *0.5) *100 -> 64.787888 | L8: =(( H8-MIN($H$5:$H$9) )/MAX(0.0001,MAX($H$5:$H$9)-MIN($H$5:$H$9)) *0.6 + ( (100-I8)-MIN(100-$I$5:$I$9) )/MAX(0.0001,MAX(100-$I$5:$I$9)-MIN(100-$I$5:$I$9)) *0.4) *100 -> 3.4681364 | M8: =( C8-MIN($C$5:$C$9) )/MAX(0.0001,MAX($C$5:$C$9)-MIN($C$5:$C$9)) *100 -> 99.628033 | N8: =K8*0.4+L8*0.3+M8*0.3 -> 56.844006 | O8: =IF(N8>=75,"Critical Risk",IF(N8>=50,"High Risk",IF(N8>=25,"Medium Risk","Low Risk"))) -> High Risk
A9: Gamma_Co | B9: =COUNTIF('Raw Data'!$B$2:$B$778,A9) -> 143 | C9: =SUMIF('Raw Data'!$B$2:$B$778,A9,'Raw Data'!$M$2:$M$778) -> 8587921.7 | D9: =AVERAGEIF('Raw Data'!$B$2:$B$778,A9,'Raw Data'!$L$2:$L$778) -> 10.192308 | E9: =SQRT(SUMPRODUCT(('Raw Data'!$B$2:$B$778=A9)*('Raw Data'!$L$2:$L$778<>"")*((IF('Raw Data'!$L$2:$L$778="",0,'Raw Data'!$L$2:$L$778)-D9)^2)) / MAX(1,SUMPRODUCT(('Raw Data'!$B$2:$B$778=A9)*('Raw Data'!$L$2:$L$778<>""))-1)) -> 5.4929076 | F9: =IF(D9=0,0,E9/D9*100) -> 53.892678 | G9: =SUMIF('Raw Data'!$B$2:$B$778,A9,'Raw Data'!$Q$2:$Q$778)/B9*100 -> 4.1958042 | H9: =AVERAGEIF('Raw Data'!$B$2:$B$778,A9,'Raw Data'!$N$2:$N$778) -> 5.0245917 | I9: =SUMIF('Raw Data'!$B$2:$B$778,A9,'Raw Data'!$R$2:$R$778)/B9*100 -> 86.013986 | J9: =AVERAGEIF('Raw Data'!$B$2:$B$778,A9,'Raw Data'!$O$2:$O$778) -> 7.9848562 | K9: =(( G9-MIN($G$5:$G$9) )/MAX(0.0001,MAX($G$5:$G$9)-MIN($G$5:$G$9)) *0.5 + ( F9-MIN($F$5:$F$9) )/MAX(0.0001,MAX($F$5:$F$9)-MIN($F$5:$F$9)) *0.5) *100 -> 33.703441 | L9: =(( H9-MIN($H$5:$H$9) )/MAX(0.0001,MAX($H$5:$H$9)-MIN($H$5:$H$9)) *0.6 + ( (100-I9)-MIN(100-$I$5:$I$9) )/MAX(0.0001,MAX(100-$I$5:$I$9)-MIN(100-$I$5:$I$9)) *0.4) *100 -> 13.03215 | M9: =( C9-MIN($C$5:$C$9) )/MAX(0.0001,MAX($C$5:$C$9)-MIN($C$5:$C$9)) *100 -> 37.059269 | N9: =K9*0.4+L9*0.3+M9*0.3 -> 28.508802 | O9: =IF(N9>=75,"Critical Risk",IF(N9>=50,"High Risk",IF(N9>=25,"Medium Risk","Low Risk"))) -> Medium Risk

Sheet Category Breakdown
A1: Spend & Performance by Item Category
A3: Item Category | B3: Total POs | C3: Total Spend | D3: Spend Share (%) | E3: Avg Lead Time (days) | F3: Cancellation Rate (%) | G3: Avg Defect Rate (%) | H3: Compliance Rate (%) | I3: Avg Savings (%)
A4: Electronics | B4: =COUNTIF('Raw Data'!$E$2:$E$778,A4) -> 152 | C4: =SUMIF('Raw Data'!$E$2:$E$778,A4,'Raw Data'!$M$2:$M$778) -> 8642550.6 | D4: =C4/SUM($C$4:$C$8)*100 -> 19.047491 | E4: =AVERAGEIF('Raw Data'!$E$2:$E$778,A4,'Raw Data'!$L$2:$L$778) -> 11.021583 | F4: =SUMIF('Raw Data'!$E$2:$E$778,A4,'Raw Data'!$Q$2:$Q$778)/B4*100 -> 10.526316 | G4: =AVERAGEIF('Raw Data'!$E$2:$E$778,A4,'Raw Data'!$N$2:$N$778) -> 6.8983984 | H4: =SUMIF('Raw Data'!$E$2:$E$778,A4,'Raw Data'!$R$2:$R$778)/B4*100 -> 85.526316 | I4: =AVERAGEIF('Raw Data'!$E$2:$E$778,A4,'Raw Data'!$O$2:$O$778) -> 7.7221242
A5: MRO | B5: =COUNTIF('Raw Data'!$E$2:$E$778,A5) -> 164 | C5: =SUMIF('Raw Data'!$E$2:$E$778,A5,'Raw Data'!$M$2:$M$778) -> 10126609 | D5: =C5/SUM($C$4:$C$8)*100 -> 22.318236 | E5: =AVERAGEIF('Raw Data'!$E$2:$E$778,A5,'Raw Data'!$L$2:$L$778) -> 11.597315 | F5: =SUMIF('Raw Data'!$E$2:$E$778,A5,'Raw Data'!$Q$2:$Q$778)/B5*100 -> 4.8780488 | G5: =AVERAGEIF('Raw Data'!$E$2:$E$778,A5,'Raw Data'!$N$2:$N$778) -> 6.3956036 | H5: =SUMIF('Raw Data'!$E$2:$E$778,A5,'Raw Data'!$R$2:$R$778)/B5*100 -> 82.317073 | I5: =AVERAGEIF('Raw Data'!$E$2:$E$778,A5,'Raw Data'!$O$2:$O$778) -> 8.2110559
A6: Office Supplies | B6: =COUNTIF('Raw Data'!$E$2:$E$778,A6) -> 174 | C6: =SUMIF('Raw Data'!$E$2:$E$778,A6,'Raw Data'!$M$2:$M$778) -> 10007583 | D6: =C6/SUM($C$4:$C$8)*100 -> 22.055913 | E6: =AVERAGEIF('Raw Data'!$E$2:$E$778,A6,'Raw Data'!$L$2:$L$778) -> 10.510067 | F6: =SUMIF('Raw Data'!$E$2:$E$778,A6,'Raw Data'!$Q$2:$Q$778)/B6*100 -> 9.1954023 | G6: =AVERAGEIF('Raw Data'!$E$2:$E$778,A6,'Raw Data'!$N$2:$N$778) -> 7.8326924 | H6: =SUMIF('Raw Data'!$E$2:$E$778,A6,'Raw Data'!$R$2:$R$778)/B6*100 -> 82.758621 | I6: =AVERAGEIF('Raw Data'!$E$2:$E$778,A6,'Raw Data'!$O$2:$O$778) -> 7.6585786
A7: Packaging | B7: =COUNTIF('Raw Data'!$E$2:$E$778,A7) -> 148 | C7: =SUMIF('Raw Data'!$E$2:$E$778,A7,'Raw Data'!$M$2:$M$778) -> 8125712.5 | D7: =C7/SUM($C$4:$C$8)*100 -> 17.908421 | E7: =AVERAGEIF('Raw Data'!$E$2:$E$778,A7,'Raw Data'!$L$2:$L$778) -> 10.407407 | F7: =SUMIF('Raw Data'!$E$2:$E$778,A7,'Raw Data'!$Q$2:$Q$778)/B7*100 -> 8.1081081 | G7: =AVERAGEIF('Raw Data'!$E$2:$E$778,A7,'Raw Data'!$N$2:$N$778) -> 6.2837367 | H7: =SUMIF('Raw Data'!$E$2:$E$778,A7,'Raw Data'!$R$2:$R$778)/B7*100 -> 79.72973 | I7: =AVERAGEIF('Raw Data'!$E$2:$E$778,A7,'Raw Data'!$O$2:$O$778) -> 8.4396988
A8: Raw Materials | B8: =COUNTIF('Raw Data'!$E$2:$E$778,A8) -> 139 | C8: =SUMIF('Raw Data'!$E$2:$E$778,A8,'Raw Data'!$M$2:$M$778) -> 8471241.4 | D8: =C8/SUM($C$4:$C$8)*100 -> 18.669939 | E8: =AVERAGEIF('Raw Data'!$E$2:$E$778,A8,'Raw Data'!$L$2:$L$778) -> 10.34188 | F8: =SUMIF('Raw Data'!$E$2:$E$778,A8,'Raw Data'!$Q$2:$Q$778)/B8*100 -> 7.9136691 | G8: =AVERAGEIF('Raw Data'!$E$2:$E$778,A8,'Raw Data'!$N$2:$N$778) -> 7.5810707 | H8: =SUMIF('Raw Data'!$E$2:$E$778,A8,'Raw Data'!$R$2:$R$778)/B8*100 -> 81.294964 | I8: =AVERAGEIF('Raw Data'!$E$2:$E$778,A8,'Raw Data'!$O$2:$O$778) -> 7.8356874

Sheet Dashboard
A1: Procurement KPI Dashboard
